Job Title,Job Description,Salary,Applying Link,Company,Location
Software Engineer,"This job is with ABB, an inclusive employer and a member of myGwork – the largest global platform for the LGBTQ business community. Please do not contact the recruiter directly. At ABB, we help industries run leaner and cleaner—and every person here makes that happen. You’ll be empowered to lead, supported to grow, and proud of the impact we create together. Join us and help run what runs the world. This Position reports to: Principal Software Engineer What we believe in ABB's Process Automatio…",Not specified,https://www.adzuna.in/land/ad/5785772072?se=SpaFLM998RG1-IwfRWwy_Q&utm_medium=api&utm_source=d6220ea2&v=347C6515162441045A20EF2C51B5BD0A275ED41D,ABB,"Bangalore, Karnataka"
Software Engineer,"This job is with Kyndryl, an inclusive employer and a member of myGwork – the largest global platform for the LGBTQ business community. Please do not contact the recruiter directly. Who We Are At Kyndryl, we run and reimagine the mission-critical technology systems that drive advantage for the world's leading businesses. We are at the heart of progress; with proven expertise and a continuous flow of AI-powered insight, enabling smarter decisions, faster innovation, and a lasting competitive edg…",Not specified,https://www.adzuna.in/land/ad/5794768004?se=SpaFLM998RG1-IwfRWwy_Q&utm_medium=api&utm_source=d6220ea2&v=C05DE6F8650279967E2EFA6653CC813101F53567,Kyndryl,"Bangalore, Karnataka"
Software Engineer,"This job is with Cornerstone OnDemand, an inclusive employer and a member of myGwork – the largest global platform for the LGBTQ business community. Please do not contact the recruiter directly. Cornerstone OnDemand is looking for a AI Engineer whowill lead the design and development of AI-powered solutions using MicrosoftAzure AI services, Copilot, and Generative AI technologies. You will beresponsible for building intelligent automation solutions, implementing AImodels, and creating custom Ge…",Not specified,https://www.adzuna.in/land/ad/5785773087?se=SpaFLM998RG1-IwfRWwy_Q&utm_medium=api&utm_source=d6220ea2&v=C323D7AA94D6ED689E44F7DAD2553661E440B7F7,Cornerstone OnDemand,"Hyderabad, Telangana"
Software Engineer,"This job is with Kyndryl, an inclusive employer and a member of myGwork – the largest global platform for the LGBTQ business community. Please do not contact the recruiter directly. Who We Are At Kyndryl, we run and reimagine the mission-critical technology systems that drive advantage for the world's leading businesses. We are at the heart of progress; with proven expertise and a continuous flow of AI-powered insight, enabling smarter decisions, faster innovation, and a lasting competitive edg…",Not specified,https://www.adzuna.in/land/ad/5790410357?se=SpaFLM998RG1-IwfRWwy_Q&utm_medium=api&utm_source=d6220ea2&v=29730E313951A15A099AE4818597107B8E7A4542,Kyndryl,"Bangalore, Karnataka"
Software Engineer,"This job is with Morningstar, an inclusive employer and a member of myGwork – the largest global platform for the LGBTQ business community. Please do not contact the recruiter directly. Morningstar DBRS is a leading provider of independent credit rating services and opinions for corporate and sovereign entities, financial institutions, and project and structured finance instruments globally. Rating more than 4,500 issuers and 68,000 securities, we are one of the top four credit rating agencies …",Not specified,https://www.adzuna.in/land/ad/5794153227?se=SpaFLM998RG1-IwfRWwy_Q&utm_medium=api&utm_source=d6220ea2&v=EDDC245760A75828B3CA6FB6F2DA9D56E966429C,Morningstar,"Mumbai, Maharashtra"
Software Engineer,"This job is with Morningstar, an inclusive employer and a member of myGwork – the largest global platform for the LGBTQ business community. Please do not contact the recruiter directly. As a member of the Product and Engineering team at PitchBook, you will be part of a team of big thinkers, innovators and problem solvers who strive to deepen the positive impact we have on our customers and our company every day. We value curiosity and the drive to find better ways of doing things. We thrive on …",Not specified,https://www.adzuna.in/land/ad/5785771924?se=SpaFLM998RG1-IwfRWwy_Q&utm_medium=api&utm_source=d6220ea2&v=6CDBEC00EFA716AB60296D850C88D907841EDBCA,Morningstar,"Mumbai, Maharashtra"
Software Engineer,"This job is with eBay, an inclusive employer and a member of myGwork – the largest global platform for the LGBTQ business community. Please do not contact the recruiter directly. At eBay, we're more than a global ecommerce leader - we're changing the way the world shops and sells. Our platform empowers millions of buyers and sellers in more than 190 markets around the world. We're committed to pushing boundaries and leaving our mark as we reinvent the future of ecommerce for enthusiasts. Our cu…",Not specified,https://www.adzuna.in/land/ad/5785771837?se=SpaFLM998RG1-IwfRWwy_Q&utm_medium=api&utm_source=d6220ea2&v=513A932E51F164B2289F074CECF798F3A762FB7C,eBay,"Bangalore, Karnataka"
Software Engineer,"This job is with Cornerstone OnDemand, an inclusive employer and a member of myGwork – the largest global platform for the LGBTQ business community. Please do not contact the recruiter directly. We are building next-generation platforms that leverage AI and machine learning to transform how organizations understand, develop, and deploy talent. Our applications serve enterprise clients and individual users through sophisticated web interfaces that handle complex data visualization, real-time ana…",Not specified,https://www.adzuna.in/land/ad/5785771851?se=SpaFLM998RG1-IwfRWwy_Q&utm_medium=api&utm_source=d6220ea2&v=E3240C79DA00C1C52B3A2DF251FA3BF209F82E81,Cornerstone OnDemand,"Hyderabad, Telangana"
Senior Software Engineer,"This job is with Morningstar, an inclusive employer and a member of myGwork – the largest global platform for the LGBTQ business community. Please do not contact the recruiter directly. Position Title: Senior Software Engineer The Group: Morningstar's Research group provides independent analysis on individual securities, funds, markets, and portfolios. The Research group also provides data on hundreds of thousands of investment offerings, including stocks, mutual funds, and similar vehicles, al…",Not specified,https://www.adzuna.in/land/ad/5785772511?se=SpaFLM998RG1-IwfRWwy_Q&utm_medium=api&utm_source=d6220ea2&v=EBAAD25C1160BE2D20BFFF207D411F087B52A4F4,Morningstar,"Mumbai, Maharashtra"
Senior Software Engineer,"This job is with ABB, an inclusive employer and a member of myGwork – the largest global platform for the LGBTQ business community. Please do not contact the recruiter directly. At ABB, we help industries run leaner and cleaner—and every person here makes that happen. You’ll be empowered to lead, supported to grow, and proud of the impact we create together. Join us and help run what runs the world. This Position reports to: Principal Software Engineer ABB's Process Automation business area ena…",Not specified,https://www.adzuna.in/land/ad/5785770726?se=SpaFLM998RG1-IwfRWwy_Q&utm_medium=api&utm_source=d6220ea2&v=3C423CEA95E06187AFD43F11A935DA0ED8F80586,ABB,"Bangalore, Karnataka"
Principal Software Engineer,"This job is with ABB, an inclusive employer and a member of myGwork – the largest global platform for the LGBTQ business community. Please do not contact the recruiter directly. At ABB, we help industries run leaner and cleaner—and every person here makes that happen. You’ll be empowered to lead, supported to grow, and proud of the impact we create together. Join us and help run what runs the world. This Position reports to: Digital Solution Engineering Manager What we believe in ABB’s Process …",Not specified,https://www.adzuna.in/land/ad/5785771889?se=SpaFLM998RG1-IwfRWwy_Q&utm_medium=api&utm_source=d6220ea2&v=BA0488F75ACD1DA64E7A58C9D5BEA48C681FD5A3,ABB,"Bangalore, Karnataka"
Software Engineering Lead,"This job is with LexisNexis Legal & Professional®, an inclusive employer and a member of myGwork – the largest global platform for the LGBTQ business community. Please do not contact the recruiter directly. Software Engineering Lead Are you interested in bringing your technical expertise to projects? Are you a detail-oriented paralegal with a 'can do' attitude? About our Team LexisNexis Legal & Professional, which serves customers in more than 150 countries with 11,300 employees worldwide, is p…",Not specified,https://www.adzuna.in/land/ad/5785772049?se=SpaFLM998RG1-IwfRWwy_Q&utm_medium=api&utm_source=d6220ea2&v=7F6A7535561D65F701913F668550AD2F4A74B830,LexisNexis Legal & Professional®,"Gurgaon, Haryana"
Senior Software Engineer,"This job is with Morningstar, an inclusive employer and a member of myGwork – the largest global platform for the LGBTQ business community. Please do not contact the recruiter directly. Senior Software Engineer (Front End-Focused Full Stack, .NET & AWS) - Workplace Solutions Our Team: Technology drives our business. Our team is made up of talented software engineers, infrastructure engineers, leaders and UX professionals. We care about technology as a craft and a differentiator. We bring our gl…",Not specified,https://www.adzuna.in/land/ad/5785771302?se=SpaFLM998RG1-IwfRWwy_Q&utm_medium=api&utm_source=d6220ea2&v=BB26A81F3760095064C5415CC4B79B56A503C716,Morningstar,"Mumbai, Maharashtra"
Software Engineering QA,"This job is with Kyndryl, an inclusive employer and a member of myGwork – the largest global platform for the LGBTQ business community. Please do not contact the recruiter directly. Who We Are At Kyndryl, we run and reimagine the mission-critical technology systems that drive advantage for the world's leading businesses. We are at the heart of progress; with proven expertise and a continuous flow of AI-powered insight, enabling smarter decisions, faster innovation, and a lasting competitive edg…",Not specified,https://www.adzuna.in/land/ad/5790410289?se=SpaFLM998RG1-IwfRWwy_Q&utm_medium=api&utm_source=d6220ea2&v=16CAF85281A2081AF9EE992623E8C19885410DB5,Kyndryl,India
Senior Software Engineer,"This job is with Kyndryl, an inclusive employer and a member of myGwork – the largest global platform for the LGBTQ business community. Please do not contact the recruiter directly. Who We Are At Kyndryl, we run and reimagine the mission-critical technology systems that drive advantage for the world's leading businesses. We are at the heart of progress; with proven expertise and a continuous flow of AI-powered insight, enabling smarter decisions, faster innovation, and a lasting competitive edg…",Not specified,https://www.adzuna.in/land/ad/5790410640?se=SpaFLM998RG1-IwfRWwy_Q&utm_medium=api&utm_source=d6220ea2&v=744B513B3580CA1F41CC75A1B7DB87B61FC4B1A4,Kyndryl,"Pune, Maharashtra"
Manager of Software Engineering,"This job is with Morningstar, an inclusive employer and a member of myGwork – the largest global platform for the LGBTQ business community. Please do not contact the recruiter directly. Job Overview As an Engineering Manager, you will play a pivotal role in enabling a stream-aligned team focused on delivering a successful migration of datasets to a newly architected and designed pipeline. You will work closely with the Lead Software Development Engineer to ensure the team is empowered, autonomo…",Not specified,https://www.adzuna.in/land/ad/5785771096?se=SpaFLM998RG1-IwfRWwy_Q&utm_medium=api&utm_source=d6220ea2&v=0C35073CF25B3FE699A40B91C315CA69AB1DA124,Morningstar,"Mumbai, Maharashtra"
Software Engineering Lead,"This job is with RX Global, an inclusive employer and a member of myGwork – the largest global platform for the LGBTQ business community. Please do not contact the recruiter directly. About Team: RX Global aims to create unforgettable experiences for attendees and exhibitors through organizing events. Innovation, creativity, and collaboration drive the company to offer exceptional services to clients. About the role: Lead teams. Build great software. Deliver real impact. We're looking for a Sof…",Not specified,https://www.adzuna.in/land/ad/5785772514?se=SpaFLM998RG1-IwfRWwy_Q&utm_medium=api&utm_source=d6220ea2&v=05B5915617FC1C0021436607ED3CB0F500862D97,RX Global,"Chennai, Tamil Nadu"
Senior Software Engineer,"This job is with Moody's, an inclusive employer and a member of myGwork – the largest global platform for the LGBTQ business community. Please do not contact the recruiter directly. At Moody's, we unite the brightest minds to turn today’s risks into tomorrow’s opportunities. We do this by striving to create an inclusive environment where everyone feels welcome to be who they are—with the freedom to exchange ideas, think innovatively, and listen to each other and customers in meaningful ways. Mo…",Not specified,https://www.adzuna.in/land/ad/5790410126?se=SpaFLM998RG1-IwfRWwy_Q&utm_medium=api&utm_source=d6220ea2&v=5C9A810397E255431632958B5A05174B7E8AEF19,Moody's,"Bangalore, Karnataka"
Staff Software Engineer,"This job is with Moody's, an inclusive employer and a member of myGwork – the largest global platform for the LGBTQ business community. Please do not contact the recruiter directly. At Moody's, we unite the brightest minds to turn today’s risks into tomorrow’s opportunities. We do this by striving to create an inclusive environment where everyone feels welcome to be who they are—with the freedom to exchange ideas, think innovatively, and listen to each other and customers in meaningful ways. Mo…",Not specified,https://www.adzuna.in/land/ad/5785772373?se=SpaFLM998RG1-IwfRWwy_Q&utm_medium=api&utm_source=d6220ea2&v=87B25FA49F18B70FA573FC340E87D4902F3A9C0B,Moody's,"Noida, Gautam Buddha Nagar"
Senior Software Engineer,"This job is with ABB, an inclusive employer and a member of myGwork – the largest global platform for the LGBTQ business community. Please do not contact the recruiter directly. At ABB, we help industries run leaner and cleaner—and every person here makes that happen. You’ll be empowered to lead, supported to grow, and proud of the impact we create together. Join us and help run what runs the world. This Position reports to: Digital Solution Engineering Manager What we believe in ABB's Process …",Not specified,https://www.adzuna.in/land/ad/5790410697?se=SpaFLM998RG1-IwfRWwy_Q&utm_medium=api&utm_source=d6220ea2&v=D09A8225F4877B7A8A41D0E20F173854D769B846,ABB,"Bangalore, Karnataka"
Data Scientist,"This job is with HP, an inclusive employer and a member of myGwork – the largest global platform for the LGBTQ business community. Please do not contact the recruiter directly. Data Scientist Description - Job Summary • This role is responsible for analyzing and interpreting complex data sets using statistical techniques to identify trends, patterns, and insights that can be used to form business decisions and improve organizational performance. The role designs and develops methods, processes,…",Not specified,https://www.adzuna.in/land/ad/5785772722?se=CJ4sLs998RGNqvBiBxieKA&utm_medium=api&utm_source=d6220ea2&v=9AFBA672DB42E4228EF6D90D20D288136C88D671,HP,"Chennai, Tamil Nadu"
Data Scientist,"This job is with Jabil, an inclusive employer and a member of myGwork – the largest global platform for the LGBTQ business community. Please do not contact the recruiter directly. At Jabil (NYSE: JBL), we are proud to be a trusted partner for the world's top brands, offering comprehensive engineering, supply chain, and manufacturing solutions. With 60 years of experience across industries and a vast network of over 100 sites worldwide, Jabil combines global reach with local expertise to deliver…",Not specified,https://www.adzuna.in/land/ad/5785773097?se=CJ4sLs998RGNqvBiBxieKA&utm_medium=api&utm_source=d6220ea2&v=1AD120B3FB3DFBC7F01669BC535E68EC0F2123A3,Jabil,India
Data Scientist,"This job is with Kyndryl, an inclusive employer and a member of myGwork – the largest global platform for the LGBTQ business community. Please do not contact the recruiter directly. Who We Are At Kyndryl, we design, build, manage and modernize the mission-critical technology systems that the world depends on every day. So why work at Kyndryl? We are always moving forward - always pushing ourselves to go further in our efforts to build a more equitable, inclusive world for our employees, our cus…",Not specified,https://www.adzuna.in/land/ad/5790410241?se=CJ4sLs998RGNqvBiBxieKA&utm_medium=api&utm_source=d6220ea2&v=953FF3E733ECBE4EAF709641489C07B4897A20EE,Kyndryl,"Mumbai, Maharashtra"
Data Scientist,"This job is with Kyndryl, an inclusive employer and a member of myGwork – the largest global platform for the LGBTQ business community. Please do not contact the recruiter directly. Who We Are At Kyndryl, we run and reimagine the mission-critical technology systems that drive advantage for the world's leading businesses. We are at the heart of progress; with proven expertise and a continuous flow of AI-powered insight, enabling smarter decisions, faster innovation, and a lasting competitive edg…",Not specified,https://www.adzuna.in/land/ad/5790410354?se=CJ4sLs998RGNqvBiBxieKA&utm_medium=api&utm_source=d6220ea2&v=88535A62DE589B36E2C2E9BEDF341485A3C69989,Kyndryl,India
Data Scientist,"This job is with eBay, an inclusive employer and a member of myGwork – the largest global platform for the LGBTQ business community. Please do not contact the recruiter directly. At eBay, we're more than a global ecommerce leader - we're changing the way the world shops and sells. Our platform empowers millions of buyers and sellers in more than 190 markets around the world. We're committed to pushing boundaries and leaving our mark as we reinvent the future of ecommerce for enthusiasts. Our cu…",Not specified,https://www.adzuna.in/land/ad/5785772472?se=CJ4sLs998RGNqvBiBxieKA&utm_medium=api&utm_source=d6220ea2&v=A2FC26733AE205EB6DA6D953D9469BFDE491C141,eBay,"Bangalore, Karnataka"
Data Science Instructor,"Data Science Instructor: NDMIT is seeking a passionate and knowledgeable Data Science Instructor to join our Kanpur branch. The ideal candidate should have hands-on experience in Data Science concepts and the ability to train students through practical and industry-oriented sessions. Key Responsibilities: • Deliver engaging classroom and practical sessions on Data Science. • Train students in Python, Statistics, Machine Learning, Deep Learning, SQL, and Power BI. • Guide students on real-time p…",Not specified,https://www.adzuna.in/land/ad/5795582923?se=CJ4sLs998RGNqvBiBxieKA&utm_medium=api&utm_source=d6220ea2&v=B16697C360F096A495E962C02DC9FC0339F3B405,NDMIT,"Agra, Uttar Pradesh"
Data Science Instructor,"Data Science & AI Instructor upGrad is expanding its Offline Learning Centres , and we are looking for a dynamic Data Science Instructor who is well-versed in cutting-edge technologies like Generative AI and Agentic AI . Key Responsibilities As a Instructor, you will play a vital role in ensuring high-quality learning outcomes: Deliver High-Impact Sessions: Conduct engaging, in-person lectures and hands-on training sessions in Data Science, Machine Learning, Deep Learning, and cutting-edge GenA…",Not specified,https://www.adzuna.in/land/ad/5786785503?se=CJ4sLs998RGNqvBiBxieKA&utm_medium=api&utm_source=d6220ea2&v=A6B530F93C85F9C59F3E1A951CDEC1F1337D61A1,upGrad,India
Senior Data Scientist,"This job is with Cornerstone OnDemand, an inclusive employer and a member of myGwork – the largest global platform for the LGBTQ business community. Please do not contact the recruiter directly. We are searching for askilled Senior Data Scientist/Engineer to help fuel our team'sdata-driven impact. The ideal candidate is passionate about leveraging data tosolve complex business problems, has hands-on experience across the modern dataengineering and data science stack, and contributes as a depend…",Not specified,https://www.adzuna.in/land/ad/5785771636?se=CJ4sLs998RGNqvBiBxieKA&utm_medium=api&utm_source=d6220ea2&v=15862F655C8AB8C1501E3C2AE8515934B49D901D,Cornerstone OnDemand,"Pune, Maharashtra"
Principal Data Scientist,"This job is with Warner Bros. Discovery, an inclusive employer and a member of myGwork – the largest global platform for the LGBTQ business community. Please do not contact the recruiter directly. Welcome to Warner Bros. Discovery… the stuff dreams are made of. Who We Are… When we say, “the stuff dreams are made of,” we’re not just referring to the world of wizards, dragons and superheroes, or even to the wonders of Planet Earth. Behind WBD’s vast portfolio of iconic content and beloved brands,…",Not specified,https://www.adzuna.in/land/ad/5785771652?se=CJ4sLs998RGNqvBiBxieKA&utm_medium=api&utm_source=d6220ea2&v=7A9AB2CB4E15507FFBC5DA1607B20E8564B559AF,Warner Bros. Discovery,"Hyderabad, Telangana"
Data Scientist III,"This job is with S&P Global, an inclusive employer and a member of myGwork – the largest global platform for the LGBTQ business community. Please do not contact the recruiter directly. About the Role: Grade Level (for internal use): 10 The Role: Data Scientist III Location: Hyderabad (2 days onsite a week: Paseo de la Reforma 180) The Team: S&P Global is looking for a Data Scientist who will be a part of our Data Science and Modelling team. The ideal candidate should be highly motivated and goa…",Not specified,https://www.adzuna.in/land/ad/5785770925?se=CJ4sLs998RGNqvBiBxieKA&utm_medium=api&utm_source=d6220ea2&v=F71D7D5B9511B025B5206526544AC52BEB0B45C8,S&P Global,"Hyderabad, Telangana"
Data Science Instructor,"Job Title: Data Science Instructor – Offline Learning Centres Location: Bengaluru, Karnataka Working Days: 6 (Monday – Saturday) About upGrad Founded in 2015, upGrad is Asia’s largest integrated Learning, Skilling, Workforce Development, and Placement company. Its offerings include online and hybrid degrees, study abroad programs, certifications, bootcamps, and doctorates for working professionals. Through its B2B arm, upGrad also provides enterprise training, recruitment, and staffing services…",Not specified,https://www.adzuna.in/land/ad/5785410815?se=CJ4sLs998RGNqvBiBxieKA&utm_medium=api&utm_source=d6220ea2&v=0FADC0A9B1C02A634023DF30652741433E015113,upGrad,India
Data Science Instructor,"Job Title: Data Science Instructor – Offline Learning Centres Location: Bengaluru, Karnataka Working Days: 6 (Monday – Saturday) About upGra dFounded in 2015, upGrad is Asia’s largest integrated Learning, Skilling, Workforce Development, and Placement company. Its offerings include online and hybrid degrees, study abroad programs, certifications, bootcamps, and doctorates for working professionals. Through its B2B arm, upGrad also provides enterprise training, recruitment, and staffing services…",Not specified,https://www.adzuna.in/land/ad/5774751270?se=CJ4sLs998RGNqvBiBxieKA&utm_medium=api&utm_source=d6220ea2&v=4253B46A1144E5DBC0FAAA0731E3E34D9FE0BD6C,upGrad,"Bangalore, Karnataka"
Staff Data Scientist,"This job is with Warner Bros. Discovery, an inclusive employer and a member of myGwork – the largest global platform for the LGBTQ business community. Please do not contact the recruiter directly. Welcome to Warner Bros. Discovery… the stuff dreams are made of. Who We Are… When we say, “the stuff dreams are made of,” we’re not just referring to the world of wizards, dragons and superheroes, or even to the wonders of Planet Earth. Behind WBD’s vast portfolio of iconic content and beloved brands,…",Not specified,https://www.adzuna.in/land/ad/5785770687?se=CJ4sLs998RGNqvBiBxieKA&utm_medium=api&utm_source=d6220ea2&v=591AD79BF34247332ED613A536384DB552108E90,Warner Bros. Discovery,"Bangalore, Karnataka"
"Manager, Data Science","This job is with Standard Chartered Bank, an inclusive employer and a member of myGwork – the largest global platform for the LGBTQ business community. Please do not contact the recruiter directly. Job Summary The individual will be part of the AAIOps team, responsible for shaping a state-of-the-art ecosystem(in terms of tools, technology and datamart) for data, analytics & AI roles within SCMAC while aligning with wider SCB tech simplification effort. The individual will play a crucial part in…",Not specified,https://www.adzuna.in/land/ad/5785771718?se=CJ4sLs998RGNqvBiBxieKA&utm_medium=api&utm_source=d6220ea2&v=2C06EC0E8136D6BA0CCD8D187289C60B661449CF,Standard Chartered Bank,"Bangalore, Karnataka"
Assistant Professor - Data Science,"Data Science programme at Symbiosis University of Applied Sciences is an industry-oriented, multidisciplinary undergraduate programme that prepares students from diverse academic backgrounds - mathematics, commerce, humanities, economics, and the biological sciences - for careers in data science, artificial intelligence, analytics, and emerging technologies. The curriculum builds strong foundations in mathematics, statistics, and programming, and progresses through applied machine learning, dee…",Not specified,https://www.adzuna.in/land/ad/5770622937?se=CJ4sLs998RGNqvBiBxieKA&utm_medium=api&utm_source=d6220ea2&v=6E0BF2A0ECCDA812E4A92BD8A815D0D454335D80,Symbiosis University of Applied Sciences,"Indore, Madhya Pradesh"
Data Scientist with R programming,"This job is with Capco, an inclusive employer and a member of myGwork – the largest global platform for the LGBTQ business community. Please do not contact the recruiter directly. Job Title: Data Scientist with R programming About Us “Capco, a Wipro company, is a global technology and management consulting firm. Awarded with Consultancy of the year in the British Bank Award and has been ranked Top 100 Best Companies for Women in India 2022 by Avtar & Seramount . With our presence across 32 citi…",Not specified,https://www.adzuna.in/land/ad/5785770751?se=CJ4sLs998RGNqvBiBxieKA&utm_medium=api&utm_source=d6220ea2&v=D3DF214856F1F0D6D43197B1D55C73A5A0C3CC97,Capco,India
"Manager, Data Science (Analytics)","This job is with eBay, an inclusive employer and a member of myGwork – the largest global platform for the LGBTQ business community. Please do not contact the recruiter directly. At eBay, we're more than a global ecommerce leader - we're changing the way the world shops and sells. Our platform empowers millions of buyers and sellers in more than 190 markets around the world. We're committed to pushing boundaries and leaving our mark as we reinvent the future of ecommerce for enthusiasts. Our cu…",Not specified,https://www.adzuna.in/land/ad/5790410716?se=CJ4sLs998RGNqvBiBxieKA&utm_medium=api&utm_source=d6220ea2&v=6E034D68AE9DC3507800DD212ED7DDFE1E30A3DA,eBay,"Bangalore, Karnataka"
Data Science & AI Specialist,"This job is with ABB, an inclusive employer and a member of myGwork – the largest global platform for the LGBTQ business community. Please do not contact the recruiter directly. At ABB, we help industries run leaner and cleaner—and every person here makes that happen. You’ll be empowered to lead, supported to grow, and proud of the impact we create together. Join us and help run what runs the world. This Position reports to: Digital Solution Engineering Manager What we believe in ABB’s Process …",Not specified,https://www.adzuna.in/land/ad/5790410794?se=CJ4sLs998RGNqvBiBxieKA&utm_medium=api&utm_source=d6220ea2&v=03BAFE75D6355A9E973FD77C0F82BA98BB46809A,ABB,"Bangalore, Karnataka"
"Data Science- Analyst, Search","This job is with eBay, an inclusive employer and a member of myGwork – the largest global platform for the LGBTQ business community. Please do not contact the recruiter directly. At eBay, we're more than a global ecommerce leader - we're changing the way the world shops and sells. Our platform empowers millions of buyers and sellers in more than 190 markets around the world. We're committed to pushing boundaries and leaving our mark as we reinvent the future of ecommerce for enthusiasts. Our cu…",Not specified,https://www.adzuna.in/land/ad/5785771936?se=CJ4sLs998RGNqvBiBxieKA&utm_medium=api&utm_source=d6220ea2&v=DB1C0DEE73CE17BCBD611528EC71D477DC7DA6B4,eBay,"Bangalore, Karnataka"
"Senior Data Scientist - Data Platform Team, Hyderabad","This job is with Warner Bros. Discovery, an inclusive employer and a member of myGwork – the largest global platform for the LGBTQ business community. Please do not contact the recruiter directly. Welcome to Warner Bros. Discovery… the stuff dreams are made of. Who We Are… When we say, “the stuff dreams are made of,” we’re not just referring to the world of wizards, dragons and superheroes, or even to the wonders of Planet Earth. Behind WBD’s vast portfolio of iconic content and beloved brands,…",Not specified,https://www.adzuna.in/land/ad/5795883269?se=CJ4sLs998RGNqvBiBxieKA&utm_medium=api&utm_source=d6220ea2&v=4F5DF772F175BA4855DAE714229AB15BEB485FB5,Warner Bros. Discovery,"Hyderabad, Telangana"
Digital Marketing & Lead Generation Specialist,"Founded in 2002, Amerit Consulting is a nationally recognized staffing and workforce solutions firm serving Fortune 500 companies and enterprise clients across the United States. As a Service-Disabled Veteran-Owned Business (SDVOB), Amerit specializes in delivering top talent across Technology, Healthcare, Engineering, Scientific, Finance, and Professional Services. With thousands of consultants supporting clients nationwide, Amerit provides contract staffing, direct hire recruiting, payroll se…",Not specified,https://www.adzuna.in/land/ad/5797155349?se=llW9L8998RG2W77HaMXIjA&utm_medium=api&utm_source=d6220ea2&v=550A070D113EF614C5498B75625F26B0F45C2FD0,Amerit Consulting,India
Retail Store Assistant and Digital Marketing Executive,"Company Description: Riders Inc. is the one of the Largest Multi-brand Cycle store located in Coimbatore and Salem. With over 200 models from 25 brands we have the widest range of bicycles catering to needs of every cyclist across all age groups. We also have a wide range of accessories, components and spares from premium brands. Our store has dedicated Technology center to provide service and maintenance for cycles. The company encourages learning and development, particularly in modern retail…",Not specified,https://www.adzuna.in/land/ad/5789297930?se=llW9L8998RG2W77HaMXIjA&utm_medium=api&utm_source=d6220ea2&v=79AC6E81FDFA912291366BAF2F04F74FEBB1B162,RIDERS INC Multibrand Store,"Coimbatore, Tamil Nadu"
Educational Counselor,"Company Description National Digital Marketing Institute and Training (NDMIT) was established in 2016 in India to deliver quality, classroom-based courses in digital marketing. The institute focuses on practical, industry-recognized programs that prepare learners for professional careers in the digital marketing field. NDMIT’s staff, course developers, and tutors are committed to providing up-to-date and application-oriented learning experiences. Graduates of NDMIT have gone on to manage real d…",Not specified,https://www.adzuna.in/land/ad/5794371556?se=llW9L8998RG2W77HaMXIjA&utm_medium=api&utm_source=d6220ea2&v=2D01BD20AC53DEBA6F4FFBD8B83BE7DF13E70C54,NDMIT,"Agra, Uttar Pradesh"
Junior Content Writer,"Junior Content Writer (1–2 Years Experience)  Chennai (On-site) | Full-time Annual CTC - 2.4Lacs - 3.6Lacs About the Company The Creative Studio – Digital Marketing Agency helps brands grow and strengthen their presence both online and offline. We work with a diverse range of clients to build compelling brand identities, increase audience engagement, and support business growth through creative marketing strategies. Join our team to work on exciting projects in a collaborative and fast-paced en…",Not specified,https://www.adzuna.in/land/ad/5784149691?se=llW9L8998RG2W77HaMXIjA&utm_medium=api&utm_source=d6220ea2&v=BE34B1DA42FA040FFF405B88D3BE79FA0B56D0B2,The Creative Studio - Digital Marketing Agency,"Chennai, Tamil Nadu"
Inside Sales Specialist,"We are seeking a proactive Telecaller & Digital Marketing Executive to join our dynamic team. The ideal candidate should have a solid background in telecalling, preferably with experience in SAP Or Oracle Cloud solutions. Additionally, the role involves managing digital marketing activities such as email campaigns, LinkedIn engagement, and handling incoming leads to support our sales and marketing efforts. Key Responsibilities: Conduct outbound calls to prospects to generate leads and schedule …",Not specified,https://www.adzuna.in/land/ad/5787070309?se=llW9L8998RG2W77HaMXIjA&utm_medium=api&utm_source=d6220ea2&v=FEE5FFFB489129A91CC52CC71ECA01F1B342E989,Blueprint Technologies Pvt Ltd,India
Admission Counselor- Meerut,"Job Title: Admission Counselor Location: Meerut, Uttar Pradesh Company: SkillCircle About SkillCircle: SkillCircle is a leading education company specializing in Digital Marketing and Data Science courses. We empower students and professionals with industry-relevant skills to boost their careers in the digital era. Key Responsibilities: * Convert inquiries into enrollments by effectively counseling students on Digital Marketing & Data Science courses. * Follow up with leads via calls, WhatsApp,…",Not specified,https://www.adzuna.in/land/ad/5795082840?se=llW9L8998RG2W77HaMXIjA&utm_medium=api&utm_source=d6220ea2&v=0E39F7AB518C2D6BBAC69426B3DD36EE506D0099,SkillCircle™,"Meerut, Uttar Pradesh"
Brand and Communications Specialist,"Position: Brand and Communications Specialist Reporting to: Head – Strategic Marketing and Business Development Location: Bengaluru Role Overview As a Brand and Communications Specialist within ZEISS India’s Marketing function, you will play a pivotal role in planning, executing, and monitoring brand, product, and digital marketing campaigns. Your responsibilities will span the entire campaign lifecycle, from understanding objectives to delivering impactful outcomes while continuously improving…",Not specified,https://www.adzuna.in/land/ad/5774752593?se=llW9L8998RG2W77HaMXIjA&utm_medium=api&utm_source=d6220ea2&v=DC4DD41CB9A67429A1488B78F6349532F7480042,ZEISS India,"Bangalore, Karnataka"
Assistant Manager - Marketing Communications,"About Godrej Industries Group (GIG) At the Godrej Industries Group, we are privileged to serve over 1.1 billion consumers globally through our businesses with market leadership positions in the consumer products, real estate, agriculture, financial services, and chemicals industries. https://www.godrejindustries.com/ About Godrej Industries Limited (Chemicals) Godrej Industries Limited (Chemicals Division) is one of the oldest businesses of the Godrej Industries Group with a rich legacy and a p…",Not specified,https://www.adzuna.in/land/ad/5769277894?se=llW9L8998RG2W77HaMXIjA&utm_medium=api&utm_source=d6220ea2&v=16A49D73C86BC038E6EC696D63B2B42933FBC111,Godrej Industries Limited ,"Mumbai, Maharashtra"
Account Director - Growth & New Business [Creative & Digital Agency],"Experience required: Experience in business development, pitching & presentation design for an agency is a must. Understanding of a P&L and budgeting is a bonus. Minimum 5 years at a digital marketing agency, in client servicing & digital brand management (website/social media/production/UI/UX/branding/strategy). Role title: Account Director - Growth & New Business [Creative & Digital Agency] Position: Full-time, hybrid (Lower Parel, Mumbai) Apply if you are: A successful client servicing team …",Not specified,https://www.adzuna.in/land/ad/5783570066?se=llW9L8998RG2W77HaMXIjA&utm_medium=api&utm_source=d6220ea2&v=9DB17DE04489F78B3E3ACD5B9AAF171BBE5E184A,Paper Plane Tales,"Mumbai, Maharashtra"
Graphic Designer,"The Graphic Designer will be responsible for creating visually compelling creatives, campaign designs, social media posts, and branding materials aligned with digital marketing goals. Education Qualification: Bachelor’s degree in one of the following: Graphic Design Visual Communication Multimedia Design Fine Arts Digital Media Marketing or Advertising (with strong design portfolio) Experience Required: Minimum 5 years of experience in: Designing visuals for social media platforms",Not specified,https://www.adzuna.in/land/ad/5795466982?se=llW9L8998RG2W77HaMXIjA&utm_medium=api&utm_source=d6220ea2&v=93F60C656587D349B763E1C050948E2948D193ED,AGL - Hakuhodo,"Andhra Pradesh, India"
Video Editor,"About Accurate Digital For over 3 years, Accurate Digital has delivered creative solutions in branding, design, motion graphics, events, advertising, and digital marketing. We help businesses build impactful brands through creativity, strategy, and technology. Role We are looking for a full-time, on-site Video Editor in Ahmedabad. You will edit videos, create motion graphics, enhance visuals and audio, and produce engaging content for digital campaigns, events, and social media while maintainin…",Not specified,https://www.adzuna.in/land/ad/5795468973?se=llW9L8998RG2W77HaMXIjA&utm_medium=api&utm_source=d6220ea2&v=449CBC2306C2A1119E157133E3CEA96BD0C001FE,Accurate Digital,"Ahmedabad, Gujarat"
Junior Copywriter,"Job Type: Full-time (On-site) Experience: 1–2 Years Location: Chennai Salary: ₹15,000 – ₹25,000 per month Company Description The Creative Studio – Digital Marketing Agency focuses on helping brands grow across online and offline channels through tailored creative and marketing solutions. The agency collaborates closely with clients to understand their goals and build strong, engaging brand identities. Team members are encouraged to contribute fresh ideas and innovative approaches to campaigns.…",Not specified,https://www.adzuna.in/land/ad/5789116604?se=llW9L8998RG2W77HaMXIjA&utm_medium=api&utm_source=d6220ea2&v=5729AF239BB007DBFE9F9E00B2E4586149AC9723,The Creative Studio - Digital Marketing Agency,"Chennai, Tamil Nadu"
Graphic Designer,"Job Title: Social Media / Graphic Designer with Video Editing Experience Experience: 2–3 Years Location: Mumbai Employment Type : Full-time (On-site) About MOI Media MOI Media is a fast-growing influencer and digital marketing agency that partners with leading brands to create impactful social media campaigns. We are looking for a creative and detail-oriented Social Media Designer who understands digital-first content and can bring fresh, engaging ideas to life. Key Responsibilities * Design cr…",Not specified,https://www.adzuna.in/land/ad/5796864510?se=llW9L8998RG2W77HaMXIjA&utm_medium=api&utm_source=d6220ea2&v=9568CA0B8ED4019275A75D73C3012A5477DEDD36,MOI MEDIA,India
Advertising Sales Intern,"Advertising Sales Intern Location: Chennai (Onsite) Job Type: Internship (Full-Time) Company Description Eskimo Advertising Factory, established in 2007 and based in Chennai, is a creative agency specializing in Ad Films, Corporate Films, Branding, and Digital Marketing services. The team focuses on delivering innovative and practical solutions that enhance clients’ brand presence. With a “Need of the Hour” approach, the agency ensures projects are completed within time and budget constraints, …",Not specified,https://www.adzuna.in/land/ad/5795947999?se=llW9L8998RG2W77HaMXIjA&utm_medium=api&utm_source=d6220ea2&v=0C805064FF4D3B904A59748F6CCA01BB4DB641DF,Eskimo Advertising Factory,"Chennai, Tamil Nadu"
Copywriter,"Job Description - VelivoHR is looking for Senior Copywriter for one of the client from digital marketing industry based out of Mumbai. Location : Mumbai Responsibilities: • Interpret briefs and come up with creative solutions. • Draw campaign plans and content buckets for social media • Write crisp copy for Social Media, Emailers, Websites, etc. • Ideate on Digital Activation and come up with campaign ideas • Brainstorm for visual and copy ideas with other members of the creative team • Ability…",Not specified,https://www.adzuna.in/land/ad/5796864507?se=llW9L8998RG2W77HaMXIjA&utm_medium=api&utm_source=d6220ea2&v=D7412FF84B644140094CCCCB247F18021047C599,VelivoHR,"Mumbai, Maharashtra"
Content Creator Intern (Social Media),"Content Creator Intern (Social Media) Location: Noida, Uttar Pradesh (On-site) Company: Medantrik Medtech Pvt. Ltd. Stipend: Up to ₹20,000/month (based on skills and performance) About Us Medantrik Medtech Pvt. Ltd. is a healthcare technology startup developing innovative medical devices and digital healthcare solutions. We are looking for a creative and passionate Content Creator Intern to manage our digital presence and help build a strong online brand through engaging and impactful content. …",Not specified,https://www.adzuna.in/land/ad/5795947820?se=llW9L8998RG2W77HaMXIjA&utm_medium=api&utm_source=d6220ea2&v=72ACBEEC607D74D69D0158AAEB303BA773EF60D5,Medantrik®,"Noida, Ghaziabad"
Digital Content Creator,"Company Description Inkdabba is a creative growth studio focused on making brands impossible to ignore across digital and physical touchpoints. The team works across branding, digital marketing, content creation, print media, event management, and on-ground activations to help clients build strong visibility online and offline. Inkdabba believes that branding goes beyond logos and social media, aiming to create brands that are seen, remembered, and talked about in everyday spaces. From designin…",Not specified,https://www.adzuna.in/land/ad/5795947851?se=llW9L8998RG2W77HaMXIjA&utm_medium=api&utm_source=d6220ea2&v=2FB6138270FE0652F1DF7C22AFC48B1CE79D742E,Inkdabba,"Chennai, Tamil Nadu"
Content Specialist,"Job Description – Content Specialist (Healthcare, Advertising & AI) SHRI KARTIKEYA PHARMA PVT.LTD, HYDERABAD Shri Kartikeya Pharma Pvt Ltd, are looking for a creative, research-oriented, and AI-savvy Content Specialist to join our Marketing team. The ideal candidate should have 3–6 years of experience in advertising, creative agencies, journalism, healthcare communications, or digital marketing, with the ability to translate scientific and technical information into compelling content for diver…",Not specified,https://www.adzuna.in/land/ad/5789116470?se=llW9L8998RG2W77HaMXIjA&utm_medium=api&utm_source=d6220ea2&v=B4FC7E3340B37862A195F00DAB18D97A269F18DE,Ixoreal Biomed,"Hyderabad, Telangana"
Copywriter,"About us: A boutique digital marketing company based in Nariman point, Mumbai with an emphasis on Instagram content marketing with our niche in the D2C space for fashion, lifestyle, health and luxury segment. Are you someone who likes to experiment with creativity? If yes, then Every Last Detail co. is the place to be at. We work hard, we have fun & we love what we do! Job Description: We at ELD are in search of a Copywriter who is creative, detail-oriented, and highly responsible! The ideal ca…",Not specified,https://www.adzuna.in/land/ad/5779065566?se=llW9L8998RG2W77HaMXIjA&utm_medium=api&utm_source=d6220ea2&v=2FE112B378EC225832FE341E110709363D9C26B0,Every Last Detail co.,"Mumbai, Maharashtra"
Social Media Manager,"WE'RE HIRING | SOCIAL MEDIA MANAGER Location: Bengaluru Work Mode: On-Site Working Hours: Monday – Friday: 10:00 AM – 7:00 PM Saturday: 10:00 AM – 2:30 PM Salary: 3 – 4LPA Immediate Joiners Preferred. About Phoenix Branding Phoenix Branding is a growing branding, marketing, and content production agency helping businesses build impactful brands through strategy, content, design, digital marketing, and creative campaigns. We are looking for a highly driven Social Media Manager & Content Strategi…",Not specified,https://www.adzuna.in/land/ad/5772714010?se=llW9L8998RG2W77HaMXIjA&utm_medium=api&utm_source=d6220ea2&v=26CB3506BFD0A3C92DE08B0FBA18B9EDEFA958B2,Phoenix Branding,"Bangalore, Karnataka"
Financial Analyst,"This job is with HP, an inclusive employer and a member of myGwork – the largest global platform for the LGBTQ business community. Please do not contact the recruiter directly. Financial Analyst Description - Job Summary • This role is responsible for conducting moderately complex financial analysis tailored to specific functions or business units, offering crucial analytics to drive key decision making. The role ensures adherence to reporting standards, collaborates with department heads on bu…",Not specified,https://www.adzuna.in/land/ad/5785773146?se=sNZIMc998RGNqvBiBxieKA&utm_medium=api&utm_source=d6220ea2&v=10FBB6BAABB1FD9C24324CDE37D926BA503A9984,HP,"Bangalore, Karnataka"
Finance Analyst,"This job is with Morningstar, an inclusive employer and a member of myGwork – the largest global platform for the LGBTQ business community. Please do not contact the recruiter directly. Role : Finance Analyst Location : Vashi,Navi Mumbai Shift : General/UK Program Overview The Finance Management Trainee Program (MDP) is a structured initiative designed to develop future finance leaders. This two-year, rotational program is tailored for Chartered Accountants, providing early exposure to a variet…",Not specified,https://www.adzuna.in/land/ad/5785771733?se=sNZIMc998RGNqvBiBxieKA&utm_medium=api&utm_source=d6220ea2&v=AB864848A40FA07D8AAF6DCAF1D17265982D8F9E,Morningstar,"Mumbai, Maharashtra"
Financial Analyst,"This job is with ABB, an inclusive employer and a member of myGwork – the largest global platform for the LGBTQ business community. Please do not contact the recruiter directly. At ABB, we help industries run leaner and cleaner—and every person here makes that happen. You’ll be empowered to lead, supported to grow, and proud of the impact we create together. Join us and help run what runs the world. This Position reports to: Operations Finance Manager What we believe in At ABB, we are dedicated…",Not specified,https://www.adzuna.in/land/ad/5785772010?se=sNZIMc998RGNqvBiBxieKA&utm_medium=api&utm_source=d6220ea2&v=4FF1DE71C21D1E0C922E6563BBAD1DACD3C6BB83,ABB,"Bangalore, Karnataka"
Finance Analyst,"This job is with ABB, an inclusive employer and a member of myGwork – the largest global platform for the LGBTQ business community. Please do not contact the recruiter directly. At ABB, we help industries run leaner and cleaner—and every person here makes that happen. You’ll be empowered to lead, supported to grow, and proud of the impact we create together. Join us and help run what runs the world. This Position reports to: Accounting & Reporting Manager - General Accounting Your role and resp…",Not specified,https://www.adzuna.in/land/ad/5793571881?se=sNZIMc998RGNqvBiBxieKA&utm_medium=api&utm_source=d6220ea2&v=6476E303EE1DB0CE658B4609B4D539B644DEF22B,ABB,"Bangalore, Karnataka"
Financial Analyst 1,"This job is with HP, an inclusive employer and a member of myGwork – the largest global platform for the LGBTQ business community. Please do not contact the recruiter directly. Financial Analyst 1 Description - Job Summary • This role is responsible for supporting financial management by analyzing, reporting, and reconciling financial and operational results, identifying and researching variances to plans, and providing recommendations to key stakeholders. The role engages in budgeting and fore…",Not specified,https://www.adzuna.in/land/ad/5785771878?se=sNZIMc998RGNqvBiBxieKA&utm_medium=api&utm_source=d6220ea2&v=C66077A7ACB0E29910A88CD0853840FFA3F99C39,HP,"Bangalore, Karnataka"
Payroll Finance Analyst,"This job is with Entain, an inclusive employer and a member of myGwork – the largest global platform for the LGBTQ business community. Please do not contact the recruiter directly. Entain India is the engineering and delivery powerhouse for Entain, one of the world's leading global sports and gaming groups. Established in Hyderabad in 2001, we've grown from a small tech hub into a dynamic force, delivering the latest software solutions and support services that power billions of transactions fo…",Not specified,https://www.adzuna.in/land/ad/5791274683?se=sNZIMc998RGNqvBiBxieKA&utm_medium=api&utm_source=d6220ea2&v=D4761B6BA25DFEA0529DAA07278363B209B8E4A1,Entain,"Telangana, India"
Finance Analyst- Intercompany,"This job is with ABB, an inclusive employer and a member of myGwork – the largest global platform for the LGBTQ business community. Please do not contact the recruiter directly. At ABB, we help industries run leaner and cleaner—and every person here makes that happen. You’ll be empowered to lead, supported to grow, and proud of the impact we create together. Join us and help run what runs the world. This Position reports to: Deputy Delivery Manager Intercompany Your role and responsibilities In…",Not specified,https://www.adzuna.in/land/ad/5791274666?se=sNZIMc998RGNqvBiBxieKA&utm_medium=api&utm_source=d6220ea2&v=93F24FE4B8E08B50847FF7E4DE93F147033FCD8A,ABB,"Bangalore, Karnataka"
MDG finance Analyst,"This job is with ABB, an inclusive employer and a member of myGwork – the largest global platform for the LGBTQ business community. Please do not contact the recruiter directly. At ABB, we help industries run leaner and cleaner—and every person here makes that happen. You’ll be empowered to lead, supported to grow, and proud of the impact we create together. Join us and help run what runs the world. This Position reports to: Junior Team Lead MDG - Finance Your role and responsibilities (Mandato…",Not specified,https://www.adzuna.in/land/ad/5785773072?se=sNZIMc998RGNqvBiBxieKA&utm_medium=api&utm_source=d6220ea2&v=A2F6070824A5B8330EEF24AF1AB33B59DB1189C4,ABB,"Bangalore, Karnataka"
Finance Analyst- Intercompany,"This job is with ABB, an inclusive employer and a member of myGwork – the largest global platform for the LGBTQ business community. Please do not contact the recruiter directly. At ABB, we help industries run leaner and cleaner—and every person here makes that happen. You’ll be empowered to lead, supported to grow, and proud of the impact we create together. Join us and help run what runs the world. This Position reports to: Deputy Delivery Manager Intercompany Your role and responsibilities In…",Not specified,https://www.adzuna.in/land/ad/5791275638?se=sNZIMc998RGNqvBiBxieKA&utm_medium=api&utm_source=d6220ea2&v=55EC9897465735AC8142F69720F4BBF066CB0DF2,ABB,"Bangalore, Karnataka"
Financial Analyst-MAI,"This job is with Moody's, an inclusive employer and a member of myGwork – the largest global platform for the LGBTQ business community. Please do not contact the recruiter directly. At Moody's, we unite the brightest minds to turn today’s risks into tomorrow’s opportunities. We do this by striving to create an inclusive environment where everyone feels welcome to be who they are—with the freedom to exchange ideas, think innovatively, and listen to each other and customers in meaningful ways. Mo…",Not specified,https://www.adzuna.in/land/ad/5792883722?se=sNZIMc998RGNqvBiBxieKA&utm_medium=api&utm_source=d6220ea2&v=64D222CE67F502D94110D7618DA55F5EAFC50713,Moody's,India
Finance Analyst – Intercompany,"This job is with ABB, an inclusive employer and a member of myGwork – the largest global platform for the LGBTQ business community. Please do not contact the recruiter directly. At ABB, we help industries run leaner and cleaner—and every person here makes that happen. You’ll be empowered to lead, supported to grow, and proud of the impact we create together. Join us and help run what runs the world. This Position reports to: Accounting & Reporting Manager - AR Your role and responsibilities (Ma…",Not specified,https://www.adzuna.in/land/ad/5790410390?se=sNZIMc998RGNqvBiBxieKA&utm_medium=api&utm_source=d6220ea2&v=C6B07DA06D3FC22E8108598EB969320A0793D0EA,ABB,"Bangalore, Karnataka"
Financial Analyst-Record to Report,"This job is with HP, an inclusive employer and a member of myGwork – the largest global platform for the LGBTQ business community. Please do not contact the recruiter directly. Financial Analyst-Record to Report Description - Job Summary: We are seeking a highly skilled and detail-oriented Financial Planning and Data Analyst. The ideal candidate will bring deep expertise in financial operations and business finance, along with advanced proficiency in analytical tools to drive data-driven decisi…",Not specified,https://www.adzuna.in/land/ad/5785772951?se=sNZIMc998RGNqvBiBxieKA&utm_medium=api&utm_source=d6220ea2&v=7808326EA6557B6D406829B90D2F0019970F5FA7,HP,"Bangalore, Karnataka"
Financial Analyst- Record to Report,"This job is with HP, an inclusive employer and a member of myGwork – the largest global platform for the LGBTQ business community. Please do not contact the recruiter directly. Financial Analyst- Record to Report Description - Job Summary • This role is responsible for owning accounting processes, leading complex analyses for informed decision-making, and ensuring compliance with accounting policies. The role acts as the first point of contact for complex issues, driving improvements, and imple…",Not specified,https://www.adzuna.in/land/ad/5785772604?se=sNZIMc998RGNqvBiBxieKA&utm_medium=api&utm_source=d6220ea2&v=5D8DA8B9BF228C520E3352542DF3793D2032A000,HP,"Bangalore, Karnataka"
Financial Analyst-Record to Report,"This job is with HP, an inclusive employer and a member of myGwork – the largest global platform for the LGBTQ business community. Please do not contact the recruiter directly. Financial Analyst-Record to Report Description - Job Summary • This role is responsible for conducting moderately complex financial analysis tailored to specific functions or business units, offering crucial analytics to drive key decision making. The role ensures adherence to reporting standards, collaborates with depar…",Not specified,https://www.adzuna.in/land/ad/5785773105?se=sNZIMc998RGNqvBiBxieKA&utm_medium=api&utm_source=d6220ea2&v=4ED4A92798FD0D7C99BC1CFD36F5EF5B1450E056,HP,"Bangalore, Karnataka"
Financial Analyst-Controllership and Tax,"This job is with HP, an inclusive employer and a member of myGwork – the largest global platform for the LGBTQ business community. Please do not contact the recruiter directly. Financial Analyst-Controllership and Tax Description - Job Description Controllership Accounting and Statutory Reporting (CASR) is responsible for leading and delivery the close activities, local statutory audits, and tax compliance activities for worldwide entities. Tax Compliance COE (Tax COE) within the CASR COE is re…",Not specified,https://www.adzuna.in/land/ad/5785771194?se=sNZIMc998RGNqvBiBxieKA&utm_medium=api&utm_source=d6220ea2&v=AC93865D0277D5581D907B63E8CD9963B96BC198,HP,"Bangalore, Karnataka"
"Business Finance Analyst, Analyst","This job is with Deutsche Bank, an inclusive employer and a member of myGwork – the largest global platform for the LGBTQ business community. Please do not contact the recruiter directly. Position Overview Location: Mumbai, India Corporate Title: Analyst Role Description The Business Finance function is responsible for the production of business level revenue attribution, financial accounting, and financial disclosures. It ensures, on a daily basis, the accurate and timely reporting of Profit a…",Not specified,https://www.adzuna.in/land/ad/5790410625?se=sNZIMc998RGNqvBiBxieKA&utm_medium=api&utm_source=d6220ea2&v=66303FB44684E7D560560E4C6B5AE443E45FC761,Deutsche Bank,"Mumbai, Maharashtra"
Project Finance Analyst - Qatar & Oman,"This job is with ABB, an inclusive employer and a member of myGwork – the largest global platform for the LGBTQ business community. Please do not contact the recruiter directly. At ABB, we help industries outrun - leaner and cleaner. Here, progress is an expectation - for you, your team, and the world. As a global market leader, we’ll give you what you need to make it happen. It won’t always be easy, growing takes grit. But at ABB, you’ll never run alone. Run what runs the world. This Position …",Not specified,https://www.adzuna.in/land/ad/5785771313?se=sNZIMc998RGNqvBiBxieKA&utm_medium=api&utm_source=d6220ea2&v=BA49546A0F1AB3E36D64E06AC78DB7E23C6601C6,ABB,"Bangalore, Karnataka"
"Senior Financial Analyst, Functions-Bangalore","This job is with Danaher, an inclusive employer and a member of myGwork – the largest global platform for the LGBTQ business community. Please do not contact the recruiter directly. Bring more to life. Are you ready to accelerate your potential and make a real difference within life sciences, diagnostics and biotechnology? At Cytiva, one of Danaher’s 15 operating companies, our work saves lives—and we’re all united by a shared commitment to innovate for tangible impact. You’ll thrive in a cultu…",Not specified,https://www.adzuna.in/land/ad/5785772813?se=sNZIMc998RGNqvBiBxieKA&utm_medium=api&utm_source=d6220ea2&v=E70AB44E73F447C145B2A4CD0094C16A80660E90,Danaher,"Bangalore, Karnataka"
IT&D SAP Senior Finance Analyst,"This job is with Reckitt, an inclusive employer and a member of myGwork – the largest global platform for the LGBTQ business community. Please do not contact the recruiter directly. We are Reckitt Home to the world's best loved and trusted hygiene, health, and nutrition brands. Our purpose defines why we exist: to protect, heal and nurture in the relentless pursuit of a cleaner, healthier world. We are a global team united by this purpose. Join us in our fight to make access to the highest qual…",Not specified,https://www.adzuna.in/land/ad/5785772622?se=sNZIMc998RGNqvBiBxieKA&utm_medium=api&utm_source=d6220ea2&v=5AFCF1C8ECE957D2DA38DA4F5786C6156092C1F6,Reckitt,"Hyderabad, Telangana"
Finance Operation Analyst,"This job is with Cornerstone OnDemand, an inclusive employer and a member of myGwork – the largest global platform for the LGBTQ business community. Please do not contact the recruiter directly. Position: Finance Operations Analyst Cornerstone OnDemand is looking for Finance Operations Analyst. The position will be part of Global Shared Services team in Pune. Finance Operations Analyst will primarily be responsible for recording the accounting transactions for General Ledger, Capitalization of …",Not specified,https://www.adzuna.in/land/ad/5785773003?se=sNZIMc998RGNqvBiBxieKA&utm_medium=api&utm_source=d6220ea2&v=4A24A9BE494CAA5285C088E80AC25E87A39979CC,Cornerstone OnDemand,"Pune, Maharashtra"
Business Development Associate,"This job is with Allianz Commercial, an inclusive employer and a member of myGwork – the largest global platform for the LGBTQ business community. Please do not contact the recruiter directly. Purpose: This is a hunting role profile with potential client targets in Banks, NBFCs and Fintechs, Insurers and Insure techs, Telecom, Retail and Utilities and Digital Platforms. Your focus client segment will be financial services. It's an individual contributor role with the key task of New Business De…",Not specified,https://www.adzuna.in/land/ad/5785770850?se=lJnrMs998RG2W77HaMXIjA&utm_medium=api&utm_source=d6220ea2&v=64F0FF76DED12A2F717C5617ED1970B142346265,Allianz Commercial,"Gurgaon, Haryana"
Business Development Specialist,"This job is with ABB, an inclusive employer and a member of myGwork – the largest global platform for the LGBTQ business community. Please do not contact the recruiter directly. At ABB, we help industries run leaner and cleaner—and every person here makes that happen. You’ll be empowered to lead, supported to grow, and proud of the impact we create together. Join us and help run what runs the world. This Position reports to: Market Development Manager Your role and responsibilities In this role…",Not specified,https://www.adzuna.in/land/ad/5785771441?se=lJnrMs998RG2W77HaMXIjA&utm_medium=api&utm_source=d6220ea2&v=5C95C919B0EF494985A9CD410301B6E6F2FFD1E0,ABB,"Faridabad, Haryana"
Clinical Nutritionist & Business Development,"Company Description Poshan For Life is a dynamic force in the health and wellness industry that emphasizes a holistic approach to well-being. The company provides cutting-edge health and nutrition products and personalized wellness plans to support overall wellness. Quality and safety are top priorities, and the company is dedicated to empowering individuals through education and making a positive impact through strategic partnerships and initiatives. Role Description This is a full-time on-sit…",Not specified,https://www.adzuna.in/land/ad/5721568104?se=lJnrMs998RG2W77HaMXIjA&utm_medium=api&utm_source=d6220ea2&v=367D7E9FF80303FFA24BB2D33A16B39929E9C66E,Poshan For Life,"Mumbai, Maharashtra"
Senior Business Development Engineer,"Please share your CV at : jayanta.ghosh@talentcorner.in WhatsApp : 9234308465 Position : Business Development Manager Location : Navi Mumbai (NEED TO TRAVEL PAN INDIA) Experience : 6 years Qualification : Any Graduate/B.E/B.Tech / PGDM MBA Salary : 14.00 - 16.00 LPA Job description :- We seek a Business Development Manager with strong technical understanding and a passion for connecting engineering excellence to client needs. You should have a hunger to learn, grow, and be a Most Valuable Playe…",Not specified,https://www.adzuna.in/land/ad/5769279696?se=lJnrMs998RG2W77HaMXIjA&utm_medium=api&utm_source=d6220ea2&v=5D38B15BE315123429E9982F21CB26A5623270BB,Talent Corner HR Services Pvt Ltd,"Navi Mumbai, Maharashtra"
Assistant Manager Business Development,"Preferred Location: Mumbai, Delhi NCR and Bangalore . Salary: 30,000 - 50,000  Attractive incentives Responsibilities: Identify and target potential clients, markets, and sectors to expand the company's customer base. Build and maintain strong relationships with key stakeholders, including software vendors, partners, and industry influencers. Conduct thorough market research and analysis to identify emerging trends, customer needs, and competitive landscape. Develop and implement strategic busi…",Not specified,https://www.adzuna.in/land/ad/5790068838?se=lJnrMs998RG2W77HaMXIjA&utm_medium=api&utm_source=d6220ea2&v=6D04A6126522A1C32951830904086168A88D790D,AssetsAdm,"Mumbai, Maharashtra"
Engineer- Sales and Business Development,"Job Title Engineer – Sales & Business Development Location Pune (Handling Maharashtra & nearby regions as required) Company Cape Electric Pvt. Ltd. Job Summary Cape Electric Pvt. Ltd. is looking for a dynamic and technically sound Engineer – Sales & Business Development to promote and sell Lightning Protection Systems, Industrial LV Panels, and Surge Protection Devices. The role involves educating customers on technical concepts, generating leads from industrial and commercial segments, and dri…",Not specified,https://www.adzuna.in/land/ad/5769279552?se=lJnrMs998RG2W77HaMXIjA&utm_medium=api&utm_source=d6220ea2&v=D043CC41FC5E5E81E6B6377687D937E2F98B79F6,CAPE electric pvt ltd,India
Engineer- Sales and Business Development,"Job Title Engineer – Sales & Business Development Location Bengaluru (Handling Karnataka & nearby regions as required) Company Cape Electric Pvt. Ltd. Job Summary Cape Electric Pvt. Ltd. is looking for a dynamic and technically sound Engineer – Sales & Business Development to promote and sell Lightning Protection Systems, Industrial LV Panels, and Surge Protection Devices. The role involves educating customers on technical concepts, generating leads from industrial and commercial segments, and …",Not specified,https://www.adzuna.in/land/ad/5768016818?se=lJnrMs998RG2W77HaMXIjA&utm_medium=api&utm_source=d6220ea2&v=6F7A6C1595689A59188EA6DA4E1E19C291362D6F,CAPE electric pvt ltd,"Bangalore, Karnataka"
Engineer- Sales and Business Development,"Job Title Engineer – Sales & Business Development Location Ahmedabad (Handling Gujrat & nearby regions as required) Company Cape Electric Pvt. Ltd. Job Summary Cape Electric Pvt. Ltd. is looking for a dynamic and technically sound Engineer – Sales & Business Development to promote and sell Lightning Protection Systems, Industrial LV Panels, and Surge Protection Devices. The role involves educating customers on technical concepts, generating leads from industrial and commercial segments, and dri…",Not specified,https://www.adzuna.in/land/ad/5768014722?se=lJnrMs998RG2W77HaMXIjA&utm_medium=api&utm_source=d6220ea2&v=AFBEF538666B4B5C614D0B21B56D1A42B2EA5DDC,CAPE electric pvt ltd,"Ahmedabad, Gujarat"
Director of Operations And Business Development,"We're Hiring: Director of Operations And Business Development  Location: Bangalore  Company: CleanPro Services Pvt. Ltd.  Website: https://www.cleanpro.in/ At CleanPro Services, we deliver professional housekeeping and facility management solutions to corporations, institutions, and residential communities. With an industry-leading 87% customer retention rate, we've built our reputation on service excellence, reliability, and long-term client relationships. As we enter our next phase of growth…",Not specified,https://www.adzuna.in/land/ad/5768017466?se=lJnrMs998RG2W77HaMXIjA&utm_medium=api&utm_source=d6220ea2&v=929500A3AC43074794450B8C70ACD8A0630D5570,CleanPro Services Pvt. Ltd.,India
Senior Business Development Engineer,"The ideal candidate will lead initiatives to generate and engage with business partners to build new business for the company. This candidate will strategically plan their approach to clients and offer compelling solutions to cater for client's needs. They are responsible for maintaining and developing relationships in order to meet Sales. Responsibilities •To plan, implement, and execute strategies to grow sales and distribution of current and new products in existing and new markets to contri…",Not specified,https://www.adzuna.in/land/ad/5785410810?se=lJnrMs998RG2W77HaMXIjA&utm_medium=api&utm_source=d6220ea2&v=C675532140557B8F0A4DAC54EEFF6360AA942497,Grindwell Norton Ltd,"Hyderabad, Telangana"
Business Development - North Zone,"This job is with ABB, an inclusive employer and a member of myGwork – the largest global platform for the LGBTQ business community. Please do not contact the recruiter directly. At ABB, we help industries run leaner and cleaner—and every person here makes that happen. You’ll be empowered to lead, supported to grow, and proud of the impact we create together. Join us and help run what runs the world. This Position reports to: Sales Manager What we believe in At ABB, we are dedicated to addressin…",Not specified,https://www.adzuna.in/land/ad/5795883397?se=lJnrMs998RG2W77HaMXIjA&utm_medium=api&utm_source=d6220ea2&v=AC07BF088DE40935DA20C9556739CDB79F92D04E,ABB,"Faridabad, Haryana"
Business Development Executive - interior design,"Business Development Executive – Interior Design Unico International Pvt Ltd | Bengaluru | On-site | Full-time Company Description Unico International Pvt Ltd is a growing company specializing in Software Solutions, Interior Design, and Financial Portfolio Management. We are looking for enthusiastic and target-driven Business Development Executives to join our Interior Design team. Role Description its a full time onsite job , As a Business Development Executive, you will be responsible for gen…",Not specified,https://www.adzuna.in/land/ad/5792487252?se=lJnrMs998RG2W77HaMXIjA&utm_medium=api&utm_source=d6220ea2&v=067F4245C816AE17BB85962C4166DBB184FB272B,Unico International Pvt Ltd,"Bangalore, Karnataka"
Vice President of Business Development NBFC,"Role: Vice President – Business Development Location: Hyderabad Qualification: MBA (Finance/Marketing) / CA / Master’s in Commerce or higher Experience: 12–15 years in Business Development, preferably in Supply Chain Finance, Trade Finance, Working Capital Key Responsibilities Business Development: Drive acquisition in Domestic Factoring, Export Factoring, Reverse Factoring, and TReDS ; deliver revenue growth. Client Relationship Management: Build long-term partnerships with corporates, SMEs, a…",Not specified,https://www.adzuna.in/land/ad/5794371378?se=lJnrMs998RG2W77HaMXIjA&utm_medium=api&utm_source=d6220ea2&v=CAD031E31F2D9F5AAA1594FCA7F4A8C2C6307D19,Gionik Human Capital Solutions,India
Business Development Manager – Healthcare & Pharma,"Company Description Roboman Ltd is a London-based artificial intelligence company focused on intelligent automation across sales, legal-tech, and financial domains. The organization builds interoperable, modular platforms that clients can deploy independently or as integrated systems to support evolving business needs. A cross-functional team of AI engineers, data scientists, and domain experts develops solutions centered on NLP, psychographic modeling, and compliant automation. Roboman is comm…",Not specified,https://www.adzuna.in/land/ad/5797155454?se=lJnrMs998RG2W77HaMXIjA&utm_medium=api&utm_source=d6220ea2&v=30F47694A0B4AB1A7C6150ED4E5CAB0AA4B4E5BF,Roboman - Artificially Human,"Noida, Ghaziabad"
Business Development Manager - SME BIL,"This job is with Standard Chartered Bank, an inclusive employer and a member of myGwork – the largest global platform for the LGBTQ business community. Please do not contact the recruiter directly. Job Summary The purpose of the role is to Meet the business objectives initiated by the respective country Business Clients business Customer focused need-based selling Deepen customer relationship and maximize penetration Key Responsibilities Business Drivers Achieve personal sales target Segment fo…",Not specified,https://www.adzuna.in/land/ad/5785772484?se=lJnrMs998RG2W77HaMXIjA&utm_medium=api&utm_source=d6220ea2&v=4325BDC08807CE6B54A1829C8E0D650850B0C4CB,Standard Chartered Bank,"New Delhi, Delhi"
Business Development Manager - SME BIL,"This job is with Standard Chartered Bank, an inclusive employer and a member of myGwork – the largest global platform for the LGBTQ business community. Please do not contact the recruiter directly. Job Summary The purpose of the role is to Meet the business objectives initiated by the respective country Business Clients business Customer focused need-based selling Deepen customer relationship and maximize penetration Key Responsibilities Business Drivers Achieve personal sales target Segment fo…",Not specified,https://www.adzuna.in/land/ad/5785773000?se=lJnrMs998RG2W77HaMXIjA&utm_medium=api&utm_source=d6220ea2&v=38261327708B859696158D3984C4F948AB7E3D2F,Standard Chartered Bank,"Kolkata, West Bengal"
Business Development Manager - SME BIL,"This job is with Standard Chartered Bank, an inclusive employer and a member of myGwork – the largest global platform for the LGBTQ business community. Please do not contact the recruiter directly. Job Summary The purpose of the role is to • Meet the business objectives initiated by the respective country Business Clients business • Customer focused need-based selling • Deepen customer relationship and maximize penetration Key Responsibilities Business Drivers • Achieve personal sales target • …",Not specified,https://www.adzuna.in/land/ad/5785772522?se=lJnrMs998RG2W77HaMXIjA&utm_medium=api&utm_source=d6220ea2&v=D289423F3575CB976E4AA008E19F0F44EB8F9F2A,Standard Chartered Bank,"Jaipur, Rajasthan"
Business Development Manager - SME BIL,"This job is with Standard Chartered Bank, an inclusive employer and a member of myGwork – the largest global platform for the LGBTQ business community. Please do not contact the recruiter directly. Key Responsibilities Business Drivers Achieve personal sales target Segment focus, customer focussed needs-based selling Being a Business Clients Acquisition Executive, focus has to be on acquiring new HVS customer relationship and fulfilling needs with respect to Assets, Liabilities, Insurance and I…",Not specified,https://www.adzuna.in/land/ad/5785770833?se=lJnrMs998RG2W77HaMXIjA&utm_medium=api&utm_source=d6220ea2&v=89F14A7E7B9F41DD17ECB39799AB16CD8A2C5109,Standard Chartered Bank,"Mumbai, Maharashtra"
Business Development Manager - SME BIL,"This job is with Standard Chartered Bank, an inclusive employer and a member of myGwork – the largest global platform for the LGBTQ business community. Please do not contact the recruiter directly. Job Summary The purpose of the role is to Meet the business objectives initiated by the respective country Business Clients business Customer focused need-based selling Deepen customer relationship and maximize penetration Key Responsibilities Business Drivers Achieve personal sales target Segment fo…",Not specified,https://www.adzuna.in/land/ad/5785771154?se=lJnrMs998RG2W77HaMXIjA&utm_medium=api&utm_source=d6220ea2&v=E2BB8CE414DEEA62E58344A8F094B8C7CFD3AB95,Standard Chartered Bank,"New Delhi, Delhi"
Business Development Manager - SME BIL,"This job is with Standard Chartered Bank, an inclusive employer and a member of myGwork – the largest global platform for the LGBTQ business community. Please do not contact the recruiter directly. Key Responsibilities Business Drivers • Achieve personal sales target • Segment focus, customer focussed needs-based selling • Being a Business Clients Acquisition Executive, focus has to be on acquiring new HVS customer relationship and fulfilling needs with respect to Assets, Liabilities, Insurance…",Not specified,https://www.adzuna.in/land/ad/5790410516?se=lJnrMs998RG2W77HaMXIjA&utm_medium=api&utm_source=d6220ea2&v=3227B3EC624CB4DEE356F60590D5F59FFBA34B5C,Standard Chartered Bank,"Pune, Maharashtra"
HR Business Partner Operations RSA APAC (m/f/d),"This job is with Allianz Commercial, an inclusive employer and a member of myGwork – the largest global platform for the LGBTQ business community. Please do not contact the recruiter directly. The role requires full on-site presence in the office in Gurgaon during the first 3-6 months. What you do The HR Business Partner is responsible for delivering continuous improvement in HR service in a fast growing environment, including continued regional expansion, with exposure to an increasing number …",Not specified,https://www.adzuna.in/land/ad/5785772799?se=fmeCNM998RGanPBaX-yxJw&utm_medium=api&utm_source=d6220ea2&v=A593B43A4E0C5A098B1D8BAC89D52EDF7E011BC9,Allianz Commercial,"Gurgaon, Haryana"
HR Generalist,"Job Title: HR Generalist (Night Shift) Experience: 3–9 Years Shift: Night Shift (US Process) – 8:30 PM to 5 AM IST Working Days: 5 Days Alternate Week (Alternate Saturdays Off) Preferred Candidates: Female Job Summary We are looking for an experienced HR Generalist to manage end-to-end HR operations during the night shift. The ideal candidate will have strong hands-on experience in employee engagement, grievance handling, payroll processing, and sound knowledge of Indian labour laws. This role …",Not specified,https://www.adzuna.in/details/5766533901?utm_medium=api&utm_source=d6220ea2,SkySun,India
HR Generalist,"Job Title: HR Generalist (Night Shift) Experience: 3–9 Years Shift: Night Shift (US Process) – 8 PM to 5 AM Working Days: 5 Days a Week (Alternate Saturdays Off) Preferred Candidates: Female Job Summary We are looking for an experienced HR Generalist to manage end-to-end HR operations during the night shift. The ideal candidate will have strong hands-on experience in employee engagement, grievance handling, payroll processing, and sound knowledge of Indian labour laws. This role requires a proa…",Not specified,https://www.adzuna.in/details/5660368127?utm_medium=api&utm_source=d6220ea2,SkySun,India
HR Generalist,"Hr Generalist at Chinchwad Automotive Industry Qualification :MBA HR Candidate Should have exp in HR gerelist profile like statutory, attendence management, payroll handling Experience: 2-4 year's If you are interested kindly share resume on talenthunt.sglobalgmail.com",Not specified,https://www.adzuna.in/details/4686699881?utm_medium=api&utm_source=d6220ea2,Unknown Company,"Pune, Maharashtra"
HR Generalist,"Roles and responsibilities · Handle onboarding and induction for new employees · Maintain employee records, HRMIS, and documentation · Manage and coordinate with HR vendors (payroll, background verification, consultants, etc. · Ensure compliance with labor laws and company policies (including POSH compliance) · Support payroll inputs, attendance, and leave management · Drive employee engagement and retention initiatives · Act as a point of contact for employee queries and grievance handling · A…","₹100,000 - ₹500,000 / year",https://www.adzuna.in/details/5782609319?utm_medium=api&utm_source=d6220ea2,PEOPLEOCITY LLP,"Goregaon West, Mumbai"
HR Generalist,"About Us PIPECARE GROUP is seeking a highly skilled and experienced HR Generalist to join our team in Noida, India. PIPECARE Provide complete Solutions to all aspects of all aspects of In Line- Solutions in the oil and gas industry and ensure pipeline integrity by providing highly accurate information for Maintenance and Repair Programs. PIPECARE innovations are based on continuous product & services improvements & developments. We have the second-largest fleet of intelligent In-line inspection…",Not specified,https://www.adzuna.in/details/5783210939?utm_medium=api&utm_source=d6220ea2,Pipecare Group,"Noida, Ghaziabad"
HR Generalist,Designation - HR GENERALIST Salary - Best in industry Education - Any Graduate Shift Timings - Day Shift Location - Pondicherry Job Description : Responsible for End-to-End Recruitment Activities. Scheduling interviews & assisting in interview process. Responsible for Employee Engagement Activities. Controlling Attrition. Taking care of HR Generalist Activities. Candidate Profile : Minimum 2 years experience in HR activities including recruitment. Must have experience in PF/ESI & Statutory Laws…,Not specified,https://www.adzuna.in/details/5774224926?utm_medium=api&utm_source=d6220ea2,iMarque Solutions Pvt Ltd,"Krishnagiri, Tamil Nadu"
HR Generalist,"Job Summary:-HR) Generalist is a professional who oversees the human resources Responsibilities and activities of an organization. They manage recruitment processes, employee relations, regulatory compliance, and training and development.May 16, 2019Urgent openings for HR Generalist  Exp: FresherQualification: MBA with HR Stream (mandatory)Good communication is requiredIf Interested ,can share your resume or Contact-Johncy 7823997196",Not specified,https://www.adzuna.in/details/4686704001?utm_medium=api&utm_source=d6220ea2,Unknown Company,"Chennai, Tamil Nadu"
Hr Generalist,Designation : HR GENERALIST Location: Pondicherry Job Description : Responsible for End-to-End Recruitment Activities. Scheduling interviews & assisting in interview process. Responsible for Employee Engagement Activities. Controlling Attrition. Taking care of HR Generalist Activities. Candidate Profile : Minimum 2 years experience in HR activities including recruitment. Must have experience in PF/ESI & Statutory Laws. Hands on experience in Payroll and Attendance. Team handling abilities. Exce…,Not specified,https://www.adzuna.in/details/5774224248?utm_medium=api&utm_source=d6220ea2,iMarque Solutions Pvt. Ltd,"Krishnagiri, Tamil Nadu"
HR Generalist,"Looking for HR Generalist hr in Pune who can wfo in Baner location pune , 4yrs of experience Very Good Communication Recruitment Management Coordination Activities Good Presentation skills Event Management Admin Activities Overall HR function Skills:- Recruitment/Talent Acquisition, Effective communication, Event coordination and General Management","₹400,000 - ₹1,200,000 / year",https://www.adzuna.in/details/3474906382?utm_medium=api&utm_source=d6220ea2,TRUGlobal,"Pune, Maharashtra"
HR Generalist,"HR Generalist  Location: Mulund West, Mumbai (Onsite)  Experience: 2–3 Years  Employment Type: Full-time About the Role We are looking for a proactive HR Generalist to manage day-to-day HR operations, including recruitment, employee lifecycle management, and HR administration. The ideal candidate should have hands-on experience in both technical and non-technical hiring , along with exposure to HR operations, employee engagement, and payroll support. This role requires someone who can work clos…","₹400,000 - ₹600,000 / year",https://www.adzuna.in/details/5657222654?utm_medium=api&utm_source=d6220ea2,MpleAI,"Mumbai, Maharashtra"
HR Generalist,"Job Description: Job Title: HR Generalist Overview: As an HR Generalist, you are a key player in the human resources department, responsible for a wide range of tasks related to employee relations, recruitment, benefits administration, and other HR functions. Your role involves supporting the development and implementation of HR policies and procedures to foster a positive work environment. Key Responsibilities: Employee Relations: Serve as a point of contact for employees, addressing queries a…",Not specified,https://www.adzuna.in/details/5730762044?utm_medium=api&utm_source=d6220ea2,Career Creed HR Services,"Delhi, India"
HR Generalist,"Job Title: HR Generalist Location: Kolkata Experience: Minimum 1 year Employment Type: Full-time Job Summary: We are looking for a dynamic HR Generalist to join our team. The ideal candidate will have experience in IT and Non-IT recruitment, along with handling general HR operations. This role requires strong communication skills, the ability to multitask, and a keen eye for talent acquisition. Key Responsibilities: Recruitment & Talent Acquisition End-to-end recruitment for IT and Non-IT roles…","₹250,000 - ₹260,000 / year",https://www.adzuna.in/details/5736145316?utm_medium=api&utm_source=d6220ea2,Drivado Transfers Private Limited,"Kolkata, West Bengal"
HR (Generalist),"Job Description: Job Title: HR Generalist Department: Human Resources Reports To: Head of Human Resources Location: Pune Job Summary: The HR Recruiter/Generalist will be responsible for managing the end-to-end recruitment process and providing comprehensive HR support to ensure the smooth operation of the school’s HR functions. This role involves talent acquisition, employee onboarding, HR administration, and supporting various HR initiatives. The ideal candidate will have a strong background i…",Not specified,https://www.adzuna.in/details/5727218469?utm_medium=api&utm_source=d6220ea2,Highrise Solutions LLP,"Pune, Maharashtra"
HR Generalist,"Job Summary: The HR Generalist will manage a broad range of functions across the employee lifecycle - including onboarding, engagement, performance management, and compliance. The role is responsible for ensuring seamless HR operations, effective policy implementation, and an engaging employee experience. Key Responsibilities: Oversee end-to-end employee onboarding and orientation, ensuring timely completion of documentation and smooth integration into the organization Maintain accurate and up-…",Not specified,https://www.adzuna.in/details/5754806842?utm_medium=api&utm_source=d6220ea2,Level AI,"Noida, Ghaziabad"
HR Generalist,"We are currently seeking a dynamic and experienced HR Generalist Assistant Manager to join our team. In this role, you will play a key role in supporting the hr department in various functions. The ideal candidate will have a passion for HR, excellent communication skills, and the ability to thrive in a fast-paced environment. Responsibilities: Assist in the recruitment process, including job posting, screening resumes, conducting interviews, and onboarding new hires. Handle employee relations …","₹400,000 - ₹800,000 / year",https://www.adzuna.in/details/4739530537?utm_medium=api&utm_source=d6220ea2,The Safal Group,"Mumbai, Maharashtra"
HR Generalist,"About Trainery Trainery is building the next-gen AI-native Talent Management Suite — integrating performance, learning, compensation, and HR operations into one unified experience for modern teams. We’re setting up our India Development Center and looking for a proactive HR Generalist to lead HR operations, drive recruitment, and help us build a strong and engaged team. If you’re an energetic people person who enjoys taking ownership, thrives in a fast-paced startup environment, and loves conne…","₹500,000 - ₹900,000 / year",https://www.adzuna.in/details/5500971909?utm_medium=api&utm_source=d6220ea2,Trainery One,"Coimbatore, Tamil Nadu"
HR Generalist,"Job Profile: Your job role as a HR will be to take care of the regular HR work for an Edtech company. As an HR Generalist, or Human Resources Generalist, you are responsible for completing a variety of tasks to support the daily operations of the HR department. Their duties include comparing HR laws to current policies and procedures, drafting templates for HR documents and working with other members of the department to oversee the hiring and onboarding process for company employees. Requireme…","₹300,000 - ₹500,000 / year",https://www.adzuna.in/details/2836410645?utm_medium=api&utm_source=d6220ea2,ZaranTech,"Bangalore, Karnataka"
HR - Generalist,"About TaskUs: TaskUs is a provider of outsourced digital services and next-generation customer experience to fast-growing technology companies, helping its clients represent, protect and grow their brands. Leveraging a cloud-based infrastructure, TaskUs serves clients in the fastest-growing sectors, including social media, e-commerce, gaming, streaming media, food delivery, ride-sharing, HiTech, FinTech, and HealthTech. The People First culture at TaskUs has enabled the company to expand its wo…",Not specified,https://www.adzuna.in/details/5725342835?utm_medium=api&utm_source=d6220ea2,TaskUs,India
HR Generalist,"HR Generalist Responsibilities Consistently recruiting excellent staff. Maintaining a smooth onboarding process. Training, counseling, and coaching our staff. Resolving conflicts through positive and professional mediation. Carrying out necessary administrative duties. Conducting performance and wage reviews. Developing clear policies and ensuring policy awareness. Prepare Monthly Attendance For Payroll Requirements Bachelor's degree in human resources management or equivalent. Experience in hu…",Not specified,https://www.adzuna.in/details/5739293111?utm_medium=api&utm_source=d6220ea2,INA Solution,"Patna, Bihar"
